Dex,Name,HP,Attack,Defense,Product,Max_CP_40,Max_CP_50,Max_CP_51
1,Bulbasaur,128,118,111,1676544,1115,1260,1275
2,Ivysaur,155,151,143,3346915,1699,1921,1943
3,Venusaur,190,241,246,11264340,3698,4181,4231
3,Venusaur,190,198,189,7110180,2720,3075,3112
4,Charmander,118,116,93,1272984,980,1108,1121
5,Charmeleon,151,158,126,3006108,1653,1868,1891
6,Charizard,186,319,212,12578808,4455,5037,5097
6,Charizard,186,273,213,10815714,3850,4353,4405
6,Charizard,186,223,173,7175694,2889,3266,3305
7,Squirtle,127,94,121,1444498,946,1069,1082
8,Wartortle,153,126,155,2988090,1488,1682,1702
9,Blastoise,188,264,237,11762784,3941,4455,4508
9,Blastoise,188,171,207,6654636,2466,2788,2821
10,Caterpie,128,55,55,387200,437,494,500
11,Metapod,137,45,80,493200,450,509,515
12,Butterfree,155,167,137,3546245,1827,2065,2090
13,Weedle,120,63,50,378000,456,515,522
14,Kakuna,128,46,75,441600,432,488,494
15,Beedrill,163,303,148,7309572,3383,3824,3870
15,Beedrill,163,169,130,3581110,1846,2087,2112
16,Pidgey,120,85,73,744600,680,769,778
17,Pidgeotto,160,117,105,1965600,1194,1350,1366
18,Pidgeot,195,280,175,9555000,3680,4160,4210
18,Pidgeot,195,166,154,4984980,2129,2407,2436
19,Rattata,102,103,70,735420,734,830,840
20,Raticate,146,161,139,3267334,1730,1956,1980
20,Raticate,181,135,154,3762990,1705,1927,1950
21,Spearow,120,112,60,806400,798,902,913
22,Fearow,163,182,133,3945578,1997,2257,2284
23,Ekans,111,110,97,1184370,927,1048,1061
24,Arbok,155,167,153,3960405,1921,2171,2197
25,Pikachu,111,112,96,1193472,938,1060,1073
26,Raichu,155,201,154,4797870,2286,2585,2616
26,Raichu,155,193,151,4517165,2182,2467,2496
27,Sandshrew,137,126,120,2071440,1261,1426,1443
27,Sandshrew,137,125,129,2209125,1293,1462,1479
28,Sandslash,181,182,175,5764850,2374,2684,2716
28,Sandslash,181,177,195,6247215,2432,2750,2783
29,Nidoran?,146,86,89,1117484,816,922,933
30,Nidorina,172,117,120,2414880,1309,1480,1498
31,Nidoqueen,207,180,173,6445980,2488,2812,2846
32,Nidoran?,130,105,76,1037400,860,973,984
33,Nidorino,156,137,111,2372292,1393,1575,1594
34,Nidoking,191,204,156,6078384,2567,2902,2936
35,Clefairy,172,107,108,1987632,1155,1306,1322
36,Clefable,216,178,162,6228576,2437,2755,2788
37,Vulpix,116,96,109,1213824,883,998,1010
38,Ninetales,177,170,193,5807370,2309,2610,2641
38,Ninetales,177,169,190,5683470,2279,2577,2608
39,Jigglypuff,251,80,41,823280,724,818,828
40,Wigglytuff,295,156,90,4141800,1926,2178,2204
41,Zubat,120,83,73,727080,667,754,763
42,Golbat,181,161,150,4371150,1976,2234,2261
43,Oddish,128,131,112,1878016,1228,1389,1405
44,Gloom,155,153,136,3225240,1681,1900,1923
45,Vileplume,181,202,167,6105854,2559,2893,2928
46,Paras,111,121,99,1329669,1018,1150,1164
47,Parasect,155,165,146,3733950,1859,2102,2127
48,Venonat,155,100,100,1550000,1004,1135,1148
49,Venomoth,172,179,143,4402684,2082,2354,2382
50,Diglett,67,109,78,569634,676,764,773
50,Diglett,67,108,81,586116,681,770,779
51,Dugtrio,111,201,142,3168162,1897,2145,2170
51,Dugtrio,111,167,136,2521032,1567,1772,1793
52,Meowth,137,115,92,1449460,1035,1170,1184
52,Meowth,120,99,78,926640,797,901,912
52,Meowth,120,92,78,861120,748,846,856
53,Persian,163,158,136,3502544,1771,2002,2026
53,Persian,163,150,136,3325200,1689,1910,1932
54,Psyduck,137,122,95,1587830,1106,1250,1265
55,Golduck,190,191,162,5878980,2450,2770,2803
56,Mankey,120,148,82,1456320,1164,1317,1332
57,Primeape,163,207,138,4656258,2288,2586,2617
58,Growlithe,155,142,92,2024920,1322,1495,1512
58,Growlithe,146,136,93,1846608,1243,1405,1422
59,Arcanine,216,232,165,8268480,3145,3556,3598
59,Arcanine,207,227,166,7800174,3029,3425,3466
60,Poliwag,120,101,82,993840,829,937,948
61,Poliwhirl,163,130,123,2606370,1419,1604,1623
62,Poliwrath,207,182,184,6932016,2586,2923,2958
63,Abra,93,195,82,1487070,1342,1517,1535
64,Kadabra,120,232,117,3257280,2059,2328,2355
65,Alakazam,146,367,207,11091474,4510,5099,5160
65,Alakazam,146,271,167,6607522,3057,3456,3498
66,Machop,172,137,82,1932248,1278,1445,1462
67,Machoke,190,177,125,4203750,2031,2296,2324
68,Machamp,207,234,159,7701642,3056,3455,3496
69,Bellsprout,137,139,61,1161623,1033,1168,1182
70,Weepinbell,163,172,92,2579312,1611,1822,1844
71,Victreebel,190,207,135,5309550,2431,2748,2781
72,Tentacool,120,97,149,1734360,1040,1176,1190
73,Tentacruel,190,166,209,6591860,2422,2738,2771
74,Geodude,120,132,132,2090880,1293,1462,1479
75,Graveler,146,164,164,3926816,1897,2145,2171
76,Golem,190,211,198,7937820,2949,3334,3374
77,Ponyta,137,170,127,2957830,1697,1919,1942
78,Rapidash,163,207,162,5466042,2461,2782,2815
79,Slowpoke,207,109,98,2211174,1226,1386,1403
80,Slowbro,216,224,259,12531456,3755,4245,4296
80,Slowbro,216,182,156,6132672,2445,2764,2797
80,Slowbro,216,177,180,6881760,2545,2877,2911
81,Magnemite,93,165,121,1856745,1362,1540,1558
82,Magneton,137,223,169,5163119,2485,2810,2843
83,Farfetch'd,141,174,114,2796876,1674,1893,1915
83,Farfetch'd,141,124,115,2010660,1236,1397,1414
84,Doduo,111,158,83,1455654,1200,1357,1373
85,Dodrio,155,218,140,4730600,2362,2670,2702
86,Seel,163,85,121,1676455,971,1098,1111
87,Dewgong,207,139,177,5092821,1985,2245,2271
88,Grimer,190,135,90,2308500,1374,1553,1572
89,Muk,233,190,172,7614440,2757,3117,3154
90,Shellder,102,116,134,1585488,1080,1221,1235
91,Cloyster,137,186,256,6523392,2547,2880,2914
92,Gastly,102,186,67,1271124,1229,1390,1406
93,Haunter,128,223,107,3054208,1963,2219,2246
94,Gengar,155,349,199,10764905,4336,4902,4960
94,Gengar,155,261,149,6027795,2878,3254,3292
95,Onix,111,85,232,2188920,1101,1245,1260
96,Drowzee,155,89,136,1876120,1040,1176,1190
97,Hypno,198,144,193,5502816,2090,2363,2391
98,Krabby,102,181,124,2289288,1561,1764,1785
99,Kingler,146,240,181,6342240,2829,3198,3236
100,Voltorb,120,109,111,1451880,1010,1141,1155
101,Electrode,155,176,176,4801280,2149,2430,2459
101,Electrode,155,173,173,4638995,2099,2373,2401
102,Exeggcute,155,107,125,2073125,1175,1328,1344
103,Exeggutor,216,233,149,7498872,3014,3408,3449
103,Exeggutor,216,230,153,7601040,3014,3407,3448
104,Cubone,137,90,144,1775520,1019,1152,1166
105,Marowak,155,144,186,4151520,1835,2075,2100
106,Hitmonlee,137,224,181,5554528,2576,2912,2947
107,Hitmonchan,137,193,197,5208877,2332,2636,2667
108,Lickitung,207,108,137,3062772,1411,1595,1614
109,Koffing,120,119,141,2013480,1214,1373,1389
110,Weezing,163,174,197,5587314,2293,2592,2623
111,Rhyhorn,190,140,127,3378200,1651,1867,1889
112,Rhydon,233,222,171,8845146,3179,3594,3637
113,Chansey,487,60,128,3740160,1255,1418,1435
114,Tangela,163,183,169,5041101,2238,2530,2560
115,Kangaskhan,233,246,210,12036780,3850,4353,4405
115,Kangaskhan,233,181,165,6958545,2586,2924,2958
116,Horsea,102,129,103,1355274,1056,1194,1208
117,Seadra,146,187,156,4259112,2093,2366,2394
118,Goldeen,128,123,110,1731840,1152,1302,1318
119,Seaking,190,175,147,4887750,2162,2444,2474
120,Staryu,102,137,112,1565088,1157,1308,1323
121,Starmie,155,210,184,5989200,2584,2922,2957
122,Mr. Mime,120,192,205,4723200,2228,2518,2549
122,Mr. Mime,137,183,169,4236999,2068,2338,2366
123,Scyther,172,218,170,6374320,2706,3060,3096
124,Jynx,163,223,151,5488699,2555,2888,2923
125,Electabuzz,163,198,158,5099292,2334,2639,2670
126,Magmar,163,206,154,5171012,2394,2706,2738
127,Pinsir,163,305,231,11484165,4182,4728,4784
127,Pinsir,163,238,182,7060508,2959,3345,3385
128,Tauros,181,198,183,6558354,2620,2962,2998
129,Magikarp,85,29,85,209525,274,310,314
130,Gyarados,216,292,247,15578784,4717,5332,5396
130,Gyarados,216,237,186,9521712,3391,3834,3879
131,Lapras,277,165,174,7952670,2641,2985,3021
132,Ditto,134,91,91,1109654,832,940,951
133,Eevee,146,104,114,1730976,1071,1210,1225
134,Vaporeon,277,205,161,9142385,3114,3521,3563
135,Jolteon,163,232,182,6882512,2888,3265,3304
136,Flareon,163,246,179,7177542,3029,3424,3465
137,Porygon,163,153,136,3391704,1720,1944,1968
138,Omanyte,111,155,153,2632365,1544,1746,1767
139,Omastar,172,207,201,7156404,2786,3150,3188
140,Kabuto,102,148,140,2113440,1370,1549,1568
141,Kabutops,155,220,186,6342600,2713,3067,3103
142,Aerodactyl,190,292,210,11650800,4118,4655,4711
142,Aerodactyl,190,221,159,6676410,2783,3147,3184
143,Snorlax,330,190,169,10596300,3225,3647,3690
144,Articuno,207,250,197,10194750,3590,4059,4107
144,Articuno,207,192,236,9379584,3051,3450,3491
145,Zapdos,207,253,185,9688635,3527,3987,4035
145,Zapdos,207,252,189,9858996,3548,4012,4059
146,Moltres,207,251,181,9404217,3465,3917,3964
146,Moltres,207,202,231,9659034,3167,3580,3623
147,Dratini,121,119,91,1310309,1004,1136,1149
148,Dragonair,156,163,135,3432780,1780,2012,2036
149,Dragonite,209,263,198,10883466,3792,4287,4338
150,Mewtwo,214,300,182,11684400,4178,4724,4780
150,Mewtwo,214,182,278,10827544,3187,3603,3646
151,Mew,225,210,210,9922500,3265,3691,3735
152,Chikorita,128,92,122,1436672,935,1057,1070
153,Bayleef,155,122,155,2931050,1454,1644,1664
154,Meganium,190,168,202,6447840,2410,2725,2757
155,Cyndaquil,118,116,93,1272984,980,1108,1121
156,Quilava,151,158,126,3006108,1653,1868,1891
157,Typhlosion,177,238,172,7245672,2994,3385,3425
157,Typhlosion,186,223,173,7175694,2889,3266,3305
158,Totodile,137,117,109,1747161,1131,1279,1294
159,Croconaw,163,150,142,3471900,1722,1947,1970
160,Feraligatr,198,205,188,7630920,2857,3230,3268
161,Sentret,111,79,73,640137,618,698,707
162,Furret,198,148,125,3663000,1758,1987,2011
163,Hoothoot,155,67,88,913880,677,766,775
164,Noctowl,225,145,156,5089500,2024,2288,2316
165,Ledyba,120,72,118,1019520,728,823,832
166,Ledian,146,107,179,2796338,1346,1522,1540
167,Spinarak,120,105,73,919800,816,923,934
168,Ariados,172,161,124,3433808,1772,2003,2027
169,Crobat,198,194,178,6837336,2646,2992,3027
170,Chinchou,181,106,97,1861042,1119,1265,1280
171,Lanturn,268,146,137,5360536,2085,2357,2385
172,Pichu,85,77,53,346885,473,535,542
173,Cleffa,137,75,79,811725,671,759,768
174,Igglybuff,207,69,32,457056,535,605,613
175,Togepi,111,67,116,862692,657,743,752
176,Togetic,146,139,181,3673214,1708,1931,1954
177,Natu,120,134,89,1431120,1102,1246,1261
178,Xatu,163,192,146,4569216,2188,2474,2503
179,Mareep,146,114,79,1314876,991,1120,1133
180,Flaaffy,172,145,109,2718460,1521,1720,1740
181,Ampharos,207,294,203,12354174,4245,4799,4857
181,Ampharos,207,211,169,7381413,2852,3225,3263
182,Bellossom,181,169,186,5689554,2281,2578,2609
183,Marill,172,37,93,591852,461,521,528
184,Azumarill,225,112,152,3830400,1588,1795,1816
185,Sudowoodo,172,167,176,5055424,2148,2428,2457
186,Politoed,207,174,179,6447222,2449,2769,2802
187,Hoppip,111,67,94,699078,600,678,686
188,Skiploom,146,91,120,1594320,976,1103,1116
189,Jumpluff,181,118,183,3908514,1636,1850,1872
190,Aipom,146,136,112,2223872,1348,1524,1542
191,Sunkern,102,55,55,308550,395,447,452
192,Sunflora,181,185,135,4520475,2141,2421,2450
193,Yanma,163,154,94,2359588,1470,1662,1682
194,Wooper,146,75,66,722700,641,725,734
195,Quagsire,216,152,143,4694976,1992,2252,2279
196,Espeon,163,261,175,7445025,3170,3583,3626
197,Umbreon,216,126,240,6531840,2137,2416,2445
198,Murkrow,155,175,87,2359875,1562,1766,1787
199,Slowking,216,190,180,7387200,2717,3072,3108
199,Slowking,216,177,180,6881760,2545,2877,2911
200,Misdreavus,155,167,154,3986290,1926,2178,2204
201,Unown,134,136,91,1658384,1185,1339,1355
202,Wobbuffet,382,60,106,2429520,1026,1160,1174
203,Girafarig,172,182,133,4163432,2046,2314,2341
204,Pineco,137,108,122,1805112,1108,1253,1268
205,Forretress,181,161,205,5973905,2282,2580,2611
206,Dunsparce,225,131,128,3772800,1689,1909,1932
207,Gligar,163,143,184,4288856,1857,2099,2124
208,Steelix,181,212,327,12547644,3670,4149,4199
208,Steelix,181,148,272,7286336,2414,2729,2762
209,Snubbull,155,137,85,1804975,1237,1399,1416
210,Granbull,207,212,131,5748804,2552,2885,2920
211,Qwilfish,163,184,151,4528792,2136,2415,2444
211,Qwilfish,163,184,138,4138896,2051,2318,2346
212,Scizor,172,279,250,11997000,4087,4621,4676
212,Scizor,172,236,181,7347152,3001,3393,3433
213,Shuckle,85,17,396,572220,405,458,463
214,Heracross,190,334,223,14151580,4814,5443,5508
214,Heracross,190,234,179,7958340,3101,3506,3548
215,Sneasel,146,189,146,4028724,2051,2319,2346
216,Teddiursa,155,142,93,2046930,1328,1502,1520
217,Ursaring,207,236,144,7034688,2945,3329,3369
218,Slugma,120,118,71,1005360,895,1011,1023
219,Magcargo,137,139,191,3637213,1702,1924,1947
220,Swinub,137,90,69,850770,741,837,847
221,Piloswine,225,181,138,5620050,2345,2652,2683
222,Corsola,146,118,156,2687568,1378,1558,1576
223,Remoraid,111,127,69,972693,912,1031,1043
224,Octillery,181,197,141,5027637,2315,2617,2648
225,Delibird,128,128,90,1474560,1094,1237,1252
226,Mantine,163,148,226,5452024,2108,2383,2412
227,Skarmory,163,148,226,5452024,2108,2383,2412
228,Houndour,128,152,83,1614848,1234,1395,1412
229,Houndoom,181,289,194,10147946,3842,4344,4396
229,Houndoom,181,224,144,5838336,2635,2979,3014
230,Kingdra,181,194,194,6812116,2641,2986,3022
231,Phanpy,207,107,98,2170602,1206,1364,1380
232,Donphan,207,214,185,8195130,3013,3407,3447
233,Porygon2,198,198,180,7056720,2711,3065,3101
234,Stantler,177,192,131,4451904,2164,2447,2476
235,Smeargle,146,40,83,484720,431,487,493
236,Tyrogue,111,64,64,454656,492,556,563
237,Hitmontop,137,173,207,4906107,2156,2438,2467
238,Smoochum,128,153,91,1782144,1291,1460,1477
239,Elekid,128,135,101,1745280,1206,1364,1380
240,Magby,128,151,99,1913472,1323,1496,1514
241,Miltank,216,157,193,6545016,2354,2662,2693
242,Blissey,496,129,169,10813296,2757,3117,3155
243,Raikou,207,241,195,9727965,3452,3902,3949
244,Entei,251,235,171,10086435,3473,3926,3973
245,Suicune,225,180,235,9517500,2983,3372,3412
246,Larvitar,137,115,93,1465215,1040,1176,1190
247,Pupitar,172,155,133,3545780,1766,1996,2020
248,Tyranitar,225,309,276,19188900,5347,6045,6118
248,Tyranitar,225,251,207,11690325,3834,4335,4387
249,Lugia,235,193,310,14060050,3703,4186,4236
250,Ho-Oh,214,239,244,12479624,3863,4367,4420
251,Celebi,225,210,210,9922500,3265,3691,3735
252,Treecko,120,124,94,1398720,1053,1190,1204
253,Grovyle,137,172,120,2827680,1673,1891,1914
254,Sceptile,172,320,186,10237440,4056,4585,4640
254,Sceptile,172,223,169,6482164,2757,3117,3154
255,Torchic,128,130,87,1447680,1093,1236,1251
256,Combusken,155,163,115,2905475,1652,1868,1890
257,Blaziken,190,329,168,10501680,4161,4704,4760
257,Blaziken,190,240,141,6429600,2848,3219,3258
258,Mudkip,137,126,93,1605366,1128,1275,1290
259,Marshtomp,172,156,133,3568656,1776,2008,2032
260,Swampert,225,283,218,13881150,4401,4975,5035
260,Swampert,225,208,175,8190000,2974,3362,3402
261,Poochyena,111,96,61,650016,678,766,776
262,Mightyena,172,171,132,3882384,1926,2177,2203
263,Zigzagoon,116,58,80,538240,508,575,581
264,Linoone,186,142,128,3380736,1662,1879,1901
265,Wurmple,128,75,59,566400,578,653,661
266,Silcoon,137,60,77,632940,553,626,633
267,Beautifly,155,189,98,2870910,1765,1996,2020
268,Cascoon,137,60,77,632940,553,626,633
269,Dustox,155,98,162,2460780,1224,1384,1400
270,Lotad,120,71,77,656040,598,676,684
271,Lombre,155,112,119,2065840,1197,1353,1369
272,Ludicolo,190,173,176,5785120,2323,2626,2658
273,Seedot,120,71,77,656040,598,676,684
274,Nuzleaf,172,134,78,1797744,1227,1387,1404
275,Shiftry,207,200,121,5009400,2333,2637,2669
276,Taillow,120,106,61,775920,765,865,875
277,Swellow,155,185,124,3555700,1920,2170,2196
278,Wingull,120,106,61,775920,765,865,875
279,Pelipper,155,175,174,4719750,2127,2404,2433
280,Ralts,99,79,59,461439,539,609,616
281,Kirlia,116,117,90,1221480,966,1093,1106
282,Gardevoir,169,326,229,12616526,4512,5101,5162
282,Gardevoir,169,237,195,7810335,3093,3497,3539
283,Surskit,120,93,87,970920,791,894,905
284,Masquerain,172,192,150,4953600,2270,2567,2598
285,Shroomish,155,74,110,1261700,810,916,927
286,Breloom,155,241,144,5379120,2628,2971,3007
287,Slakoth,155,104,92,1483040,1002,1133,1146
288,Vigoroth,190,159,145,4380450,1968,2225,2251
289,Slaking,284,290,166,13671760,4431,5010,5069
290,Nincada,104,80,126,1048320,768,868,879
291,Ninjask,156,199,112,3476928,1969,2226,2253
292,Shedinja,1,153,73,11169,393,445,450
293,Whismur,162,92,42,625968,671,758,767
294,Loudred,197,134,81,2138238,1327,1500,1518
295,Exploud,232,179,137,5689336,2347,2654,2685
296,Makuhita,176,99,54,940896,817,924,935
297,Hariyama,302,209,114,7195452,2829,3198,3236
298,Azurill,137,36,71,350172,364,411,416
299,Nosepass,102,82,215,1798260,993,1123,1136
300,Skitty,137,84,79,909132,739,835,845
301,Delcatty,172,132,127,2883408,1496,1691,1711
302,Sableye,137,151,216,4468392,1942,2196,2222
302,Sableye,137,141,136,2627112,1476,1668,1688
303,Mawile,137,155,141,2994135,1634,1848,1870
304,Aron,137,121,141,2337357,1307,1478,1496
305,Lairon,155,158,198,4849020,2056,2324,2352
306,Aggron,172,247,331,14062204,4162,4705,4761
306,Aggron,172,198,257,8752392,3000,3391,3432
307,Meditite,102,78,107,851292,693,784,793
308,Medicham,155,205,179,5687725,2495,2821,2854
308,Medicham,155,121,152,2850760,1431,1618,1637
309,Electrike,120,123,78,1151280,965,1091,1104
310,Manectric,172,286,179,8805368,3580,4048,4096
310,Manectric,172,215,127,4696460,2340,2646,2678
311,Plusle,155,167,129,3339165,1778,2010,2034
312,Minun,155,147,150,3417750,1694,1915,1938
313,Volbeat,163,143,166,3869294,1771,2002,2026
314,Illumise,163,143,166,3869294,1771,2002,2026
315,Roselia,137,186,131,3338142,1870,2114,2139
316,Gulpin,172,80,99,1362240,866,979,991
317,Swalot,225,140,159,5008500,1978,2236,2263
318,Carvanha,128,171,39,853632,1020,1154,1167
319,Sharpedo,172,243,83,3469068,2181,2466,2495
320,Wailmer,277,136,68,2561696,1468,1659,1679
321,Wailord,347,175,87,5283075,2280,2577,2608
322,Numel,155,119,79,1457155,1057,1196,1210
323,Camerupt,172,194,136,4538048,2193,2479,2509
324,Torkoal,172,151,203,5272316,2093,2366,2394
325,Spoink,155,125,122,2363750,1334,1508,1526
326,Grumpig,190,171,188,6108120,2369,2679,2711
327,Spinda,155,116,116,2085680,1220,1380,1396
328,Trapinch,128,162,78,1617408,1274,1441,1458
329,Vibrava,137,134,99,1817442,1225,1384,1401
330,Flygon,190,205,168,6543600,2661,3008,3044
331,Cacnea,137,156,74,1581528,1242,1404,1421
332,Cacturne,172,221,115,4371380,2298,2598,2629
333,Swablu,128,76,132,1284096,824,931,942
334,Altaria,181,222,218,8759676,3163,3576,3618
334,Altaria,181,141,201,5129721,2004,2266,2293
335,Zangoose,177,222,124,4872456,2418,2733,2766
336,Seviper,177,196,118,4093656,2105,2380,2409
337,Lunatone,207,178,153,5637438,2327,2631,2663
338,Solrock,207,178,153,5637438,2327,2631,2663
339,Barboach,137,93,82,1044762,819,925,937
340,Whiscash,242,151,141,5152422,2075,2346,2374
341,Corphish,125,141,99,1744875,1230,1391,1408
342,Crawdaunt,160,224,142,5089280,2474,2797,2830
343,Baltoy,120,77,124,1145760,787,889,900
344,Claydol,155,140,229,4969300,1971,2229,2255
345,Lileep,165,105,150,2598750,1291,1460,1477
346,Cradily,200,152,194,5897600,2211,2499,2529
347,Anorith,128,176,100,2252800,1529,1729,1750
348,Armaldo,181,222,174,6991668,2848,3220,3259
349,Feebas,85,29,85,209525,274,310,314
350,Milotic,216,192,219,9082368,3005,3398,3438
351,Castform,172,139,139,3323212,1632,1845,1867
352,Kecleon,155,161,189,4716495,2047,2314,2341
353,Shuppet,127,138,65,1139190,1018,1151,1165
354,Banette,162,312,160,8087040,3594,4063,4112
354,Banette,162,218,126,4449816,2298,2599,2630
355,Duskull,85,70,162,963900,706,798,808
356,Dusclops,120,124,234,3481920,1591,1799,1820
357,Tropius,223,136,163,4943464,1941,2194,2220
358,Chimecho,181,175,170,5384750,2259,2554,2585
359,Absol,163,314,130,6653660,3301,3732,3776
359,Absol,163,246,120,4811760,2526,2856,2890
360,Wynaut,216,41,86,761616,534,603,611
361,Snorunt,137,95,95,1236425,888,1004,1016
362,Glalie,190,252,168,8043840,3229,3651,3695
362,Glalie,190,162,162,4986360,2105,2380,2409
363,Spheal,172,95,90,1470600,962,1088,1101
364,Sealeo,207,137,132,3743388,1714,1938,1962
365,Walrein,242,182,176,7751744,2726,3081,3118
366,Clamperl,111,133,135,1993005,1270,1436,1453
367,Huntail,146,197,179,5148398,2340,2645,2677
368,Gorebyss,146,211,179,5514274,2494,2820,2853
369,Relicanth,225,162,203,7399350,2528,2858,2892
370,Luvdisc,125,81,128,1296000,848,959,970
371,Bagon,128,134,93,1595136,1156,1307,1323
372,Shelgon,163,172,155,4345580,2031,2296,2324
373,Salamence,216,310,251,16806960,5031,5688,5756
373,Salamence,216,277,168,10051776,3749,4239,4289
374,Beldum,120,96,132,1520640,976,1104,1117
375,Metang,155,138,176,3764640,1721,1946,1969
376,Metagross,190,257,228,11133240,3791,4286,4337
377,Regirock,190,179,309,10509090,3122,3530,3572
378,Regice,190,179,309,10509090,3122,3530,3572
379,Registeel,190,143,285,7743450,2447,2766,2799
380,Latias,190,289,297,16308270,4801,5428,5493
380,Latias,190,228,246,10656720,3510,3968,4016
381,Latios,190,335,241,15339650,5007,5661,5729
381,Latios,190,268,212,10795040,3812,4310,4362
382,Kyogre,218,353,268,20623672,5902,6672,6752
382,Kyogre,205,270,228,12619800,4115,4652,4708
383,Groudon,218,353,268,20623672,5902,6672,6752
383,Groudon,205,270,228,12619800,4115,4652,4708
384,Rayquaza,227,377,210,17971590,5713,6458,6535
384,Rayquaza,213,284,170,10283640,3835,4336,4387
385,Jirachi,225,210,210,9922500,3265,3691,3735
386,Deoxys,137,414,46,2609028,2580,2916,2951
386,Deoxys,137,345,115,5435475,3160,3573,3615
386,Deoxys,137,230,218,6869180,2879,3255,3294
386,Deoxys,137,144,330,6510240,2274,2570,2601
387,Turtwig,146,119,110,1911140,1187,1342,1358
388,Grotle,181,157,143,4063631,1890,2137,2162
389,Torterra,216,202,188,8202816,2934,3318,3357
390,Chimchar,127,113,86,1234186,957,1082,1095
391,Monferno,162,158,105,2687580,1574,1780,1801
392,Infernape,183,222,151,6134526,2683,3033,3070
393,Piplup,142,112,102,1622208,1075,1215,1229
394,Prinplup,162,150,139,3377700,1701,1923,1946
395,Empoleon,197,210,186,7694820,2900,3279,3318
396,Starly,120,101,58,702960,719,813,822
397,Staravia,146,142,94,1948808,1299,1468,1486
398,Staraptor,198,234,140,6486480,2825,3194,3232
399,Bidoof,153,80,73,893520,721,815,825
400,Bibarel,188,162,119,3624264,1823,2061,2085
401,Kricketot,114,45,74,379620,401,453,459
402,Kricketune,184,160,100,2944000,1653,1869,1891
403,Shinx,128,117,64,958464,876,990,1002
404,Luxio,155,159,95,2341275,1486,1680,1700
405,Luxray,190,232,156,6876480,2888,3265,3304
406,Budew,120,91,109,1190280,856,968,979
407,Roserade,155,243,185,6968025,2971,3359,3399
408,Cranidos,167,218,71,2584826,1820,2058,2082
409,Rampardos,219,295,109,7041945,3298,3728,3773
410,Shieldon,102,76,195,1511640,890,1007,1019
411,Bastiodon,155,94,286,4167020,1539,1741,1761
412,Burmy,120,53,83,527880,488,552,558
413,Wormadam,155,141,180,3933900,1773,2005,2029
413,Wormadam,155,127,175,3444875,1593,1802,1823
414,Mothim,172,185,98,3118360,1815,2052,2077
415,Combee,102,59,83,499494,494,559,566
416,Vespiquen,172,149,190,4869320,2005,2267,2294
417,Pachirisu,155,94,172,2506040,1213,1372,1388
418,Buizel,146,132,67,1291224,1054,1192,1206
419,Floatzel,198,221,114,4988412,2443,2762,2795
420,Cherubi,128,108,92,1271808,950,1074,1087
421,Cherrim,172,170,153,4473720,2048,2315,2342
422,Shellos,183,103,105,1979145,1136,1284,1299
423,Gastrodon,244,169,143,5896748,2324,2628,2659
424,Ambipom,181,205,143,5306015,2418,2733,2766
425,Drifloon,207,117,80,1937520,1197,1353,1369
426,Drifblim,312,180,102,5728320,2382,2693,2725
427,Buneary,146,130,105,1992900,1258,1423,1440
428,Lopunny,163,282,214,9836724,3745,4234,4284
428,Lopunny,163,156,194,4933032,2059,2328,2356
429,Mismagius,155,211,187,6115835,2615,2957,2992
430,Honchkrow,225,243,103,5631525,2711,3065,3102
431,Glameow,135,109,82,1206630,934,1056,1068
432,Purugly,174,172,133,3980424,1953,2208,2234
433,Chingling,128,114,94,1371648,1005,1137,1150
434,Stunky,160,121,90,1742400,1151,1301,1317
435,Skuntank,230,184,132,5586240,2358,2666,2698
436,Bronzor,149,43,154,986678,603,681,689
437,Bronzong,167,161,213,5726931,2239,2531,2561
438,Bonsly,137,124,133,2259404,1302,1472,1489
439,Mime Jr.,85,125,142,1508750,1095,1238,1253
440,Happiny,225,25,77,433125,371,419,424
441,Chatot,183,183,91,3047499,1791,2025,2049
442,Spiritomb,137,169,199,4607447,2072,2343,2371
443,Gible,151,124,84,1572816,1112,1258,1273
444,Gabite,169,172,125,3633500,1874,2119,2144
445,Garchomp,239,339,222,17986662,5424,6132,6206
445,Garchomp,239,261,193,12039147,3962,4479,4532
446,Munchlax,286,137,117,4584294,1892,2139,2164
447,Riolu,120,127,78,1188720,993,1123,1136
448,Lucario,172,236,144,5845248,2703,3056,3092
449,Hippopotas,169,124,118,2472808,1358,1535,1553
450,Hippowdon,239,201,191,9175449,3085,3488,3530
451,Skorupi,120,93,151,1685160,1009,1141,1155
452,Drapion,172,180,202,6253920,2453,2773,2806
453,Croagunk,134,116,76,1181344,952,1077,1089
454,Toxicroak,195,211,133,5472285,2488,2813,2846
455,Carnivine,179,187,136,4552328,2159,2441,2470
456,Finneon,135,96,116,1503360,971,1098,1111
457,Lumineon,170,142,170,4103800,1814,2050,2075
458,Mantyke,128,105,179,2405760,1248,1411,1428
459,Snover,155,115,105,1871625,1159,1311,1326
460,Abomasnow,207,240,191,9488880,3405,3850,3896
460,Abomasnow,207,178,158,5821668,2362,2670,2702
461,Weavile,172,243,171,7147116,3005,3397,3438
462,Magnezone,172,238,205,8391880,3205,3623,3666
463,Lickilicky,242,161,181,7052122,2467,2789,2822
464,Rhyperior,251,241,190,11493290,3733,4221,4271
465,Tangrowth,225,207,184,8569800,3030,3425,3466
466,Electivire,181,249,163,7346247,3079,3481,3523
467,Magmortar,181,247,172,7689604,3132,3541,3584
468,Togekiss,198,225,217,9667350,3332,3767,3812
469,Yanmega,200,231,156,7207200,2946,3330,3370
470,Leafeon,163,216,219,7710552,2944,3328,3368
471,Glaceon,163,238,205,7952770,3126,3535,3577
472,Gliscor,181,185,222,7433670,2692,3043,3080
473,Mamoswine,242,247,146,8727004,3328,3763,3808
474,Porygon-Z,198,264,150,7840800,3266,3693,3737
475,Gallade,169,237,195,7810335,3093,3497,3539
476,Probopass,155,135,275,5754375,2080,2351,2379
477,Dusknoir,128,180,254,5852160,2388,2700,2732
478,Froslass,172,171,150,4411800,2040,2306,2334
479,Rotom,137,204,219,6120612,2579,2916,2951
479,Rotom,137,185,159,4029855,2031,2296,2324
480,Uxie,181,156,270,7623720,2524,2853,2887
481,Mesprit,190,212,212,8539360,3058,3457,3498
482,Azelf,181,270,151,7379370,3210,3629,3673
483,Dialga,205,275,211,11895125,4038,4565,4620
483,Dialga,205,270,225,12453750,4090,4624,4679
484,Palkia,189,286,223,12054042,4142,4683,4739
484,Palkia,189,280,215,11377800,3991,4512,4565
485,Heatran,209,251,213,11173767,3754,4244,4295
486,Regigigas,221,287,210,13319670,4346,4913,4972
487,Giratina,284,225,187,11949300,3683,4164,4214
487,Giratina,284,187,225,11949300,3379,3820,3866
488,Cresselia,260,152,258,10196160,2857,3230,3269
489,Phione,190,162,162,4986360,2105,2380,2409
490,Manaphy,225,210,210,9922500,3265,3691,3735
491,Darkrai,172,285,198,9705960,3739,4227,4278
492,Shaymin,225,261,166,9748350,3592,4061,4110
492,Shaymin,225,210,210,9922500,3265,3691,3735
493,Arceus,237,238,238,13424628,3989,4510,4564
494,Victini,225,210,210,9922500,3265,3691,3735
495,Snivy,128,88,107,1205248,849,960,972
496,Servine,155,122,152,2874320,1441,1629,1649
497,Serperior,181,161,204,5944764,2277,2574,2605
498,Tepig,163,115,85,1593325,1083,1224,1239
499,Pignite,207,173,106,3795966,1924,2175,2201
500,Emboar,242,235,127,7222490,2982,3372,3412
501,Oshawott,146,117,85,1451970,1046,1182,1196
502,Dewott,181,159,116,3338364,1741,1968,1992
503,Samurott,207,218,152,6859152,2802,3167,3205
503,Samurott,216,212,157,7189344,2826,3194,3233
504,Patrat,128,98,73,915712,791,895,905
505,Watchog,155,165,139,3554925,1819,2056,2081
506,Lillipup,128,107,86,1177856,915,1035,1047
507,Herdier,163,145,126,2978010,1583,1789,1811
508,Stoutland,198,206,182,7423416,2827,3196,3234
509,Purrloin,121,98,73,865634,772,872,883
510,Liepard,162,187,106,3211164,1846,2087,2112
511,Pansage,137,104,94,1339312,956,1081,1094
512,Simisage,181,206,133,4959038,2350,2657,2689
513,Pansear,137,104,94,1339312,956,1081,1094
514,Simisear,181,206,133,4959038,2350,2657,2689
515,Panpour,137,104,94,1339312,956,1081,1094
516,Simipour,181,206,133,4959038,2350,2657,2689
517,Munna,183,111,92,1868796,1145,1294,1310
518,Musharna,253,183,166,7685634,2723,3079,3115
519,Pidove,137,98,80,1074080,848,958,970
520,Tranquill,158,144,107,2434464,1442,1631,1650
521,Unfezant,190,226,146,6269240,2734,3091,3128
522,Blitzle,128,118,64,966656,882,998,1010
523,Zebstrika,181,211,136,5193976,2428,2745,2778
524,Roggenrola,146,121,110,1943260,1205,1362,1378
525,Boldore,172,174,143,4279704,2029,2293,2321
526,Gigalith,198,226,201,8994348,3228,3650,3693
527,Woobat,163,107,85,1482485,1016,1149,1163
528,Swoobat,167,161,119,3199553,1716,1940,1963
529,Drilbur,155,154,85,2028950,1376,1555,1574
530,Excadrill,242,255,129,7960590,3244,3667,3711
531,Audino,230,114,163,4273860,1682,1902,1924
532,Timburr,181,134,87,2110098,1315,1487,1505
533,Gurdurr,198,180,134,4775760,2169,2452,2482
534,Conkeldurr,233,243,158,8945802,3337,3773,3818
535,Tympole,137,98,78,1047228,839,948,959
536,Palpitoad,181,128,109,2525312,1392,1574,1592
537,Seismitoad,233,188,150,6570600,2564,2899,2934
538,Throh,260,172,160,7155200,2562,2896,2931
539,Sawk,181,231,153,6397083,2788,3152,3189
540,Sewaddle,128,96,124,1523712,977,1105,1118
541,Swadloon,146,115,162,2719980,1370,1549,1568
542,Leavanny,181,205,165,6122325,2580,2917,2952
543,Venipede,102,83,99,838134,706,799,808
544,Whirlipede,120,100,173,2076000,1144,1293,1309
545,Scolipede,155,203,175,5506375,2447,2766,2799
546,Cottonee,120,71,111,945720,700,791,801
547,Whimsicott,155,164,176,4473920,2014,2277,2304
548,Petilil,128,119,91,1386112,1030,1164,1178
549,Lilligant,172,214,155,5705240,2550,2883,2917
550,Basculin,172,189,129,4193532,2090,2363,2391
551,Sandile,137,132,69,1247796,1037,1172,1186
552,Krokorok,155,155,90,2162250,1418,1603,1622
553,Krookodile,216,229,158,7815312,3046,3444,3485
554,Darumaka,172,153,86,2263176,1442,1630,1649
555,Darmanitan,233,323,123,9256857,3905,4415,4467
555,Darmanitan,233,263,114,6985806,3105,3511,3552
555,Darmanitan,233,243,202,11437038,3738,4226,4276
556,Maractus,181,201,130,4729530,2274,2571,2601
557,Dwebble,137,118,128,2069248,1224,1384,1401
558,Crustle,172,188,200,6467200,2542,2874,2908
559,Scraggy,137,132,132,2387088,1372,1551,1570
560,Scrafty,163,163,222,5898318,2283,2581,2612
561,Sigilyph,176,204,167,5995968,2550,2883,2917
562,Yamask,116,95,141,1553820,982,1110,1123
563,Cofagrigus,151,163,237,5833281,2273,2570,2601
564,Tirtouga,144,134,146,2817216,1488,1683,1703
565,Carracosta,179,192,197,6770496,2621,2964,2999
566,Archen,146,213,89,2767722,1842,2083,2108
567,Archeops,181,292,139,7346428,3331,3766,3811
568,Trubbish,137,96,122,1604544,1000,1131,1144
569,Garbodor,190,181,164,5639960,2345,2651,2682
570,Zorua,120,153,78,1432080,1175,1329,1345
571,Zoroark,155,250,127,4921250,2571,2907,2941
572,Minccino,146,98,80,1144640,872,986,998
573,Cinccino,181,198,130,4658940,2242,2535,2565
574,Gothita,128,98,112,1404928,951,1075,1088
575,Gothorita,155,137,153,3248955,1604,1813,1835
576,Gothitelle,172,176,205,6205760,2419,2735,2768
577,Solosis,128,170,83,1806080,1367,1546,1564
578,Duosion,163,208,103,3492112,2018,2282,2309
579,Reuniclus,242,214,148,7664624,2927,3309,3349
580,Ducklett,158,84,96,1274112,856,968,980
581,Swanna,181,182,132,4348344,2088,2361,2389
582,Vanillite,113,118,106,1413404,1033,1168,1182
583,Vanillish,139,151,138,2896482,1591,1799,1820
584,Vanilluxe,174,218,184,6979488,2822,3190,3228
585,Deerling,155,115,100,1782500,1135,1283,1298
586,Sawsbuck,190,198,146,5492520,2416,2732,2764
587,Emolga,146,158,127,2929636,1633,1847,1869
588,Karrablast,137,137,87,1632903,1182,1336,1352
589,Escavalier,172,223,187,7172572,2889,3266,3305
590,Foongus,170,97,91,1500590,979,1107,1120
591,Amoonguss,249,155,139,5364705,2140,2420,2449
592,Frillish,146,115,134,2249860,1257,1421,1438
593,Jellicent,225,159,178,6367950,2338,2644,2675
594,Alomomola,338,138,131,6110364,2169,2452,2481
595,Joltik,137,110,98,1476860,1023,1156,1170
596,Galvantula,172,201,128,4425216,2206,2494,2523
597,Ferroseed,127,82,155,1614170,941,1064,1076
598,Ferrothorn,179,158,223,6306886,2321,2624,2656
599,Klink,120,98,121,1422960,956,1081,1094
600,Klang,155,150,174,4045500,1847,2088,2113
601,Klinklang,155,199,214,6600830,2637,2981,3017
602,Tynamo,111,105,78,909090,811,917,928
603,Eelektrik,163,156,130,3305640,1715,1939,1962
604,Eelektross,198,217,152,6530832,2732,3089,3126
605,Elgyem,146,148,100,2160800,1385,1566,1584
606,Beheeyem,181,221,163,6520163,2753,3112,3149
607,Litwick,137,108,98,1450008,1006,1138,1151
608,Lampent,155,169,115,3012425,1708,1931,1954
609,Chandelure,155,271,182,7644910,3268,3695,3739
610,Axew,130,154,101,2022020,1368,1547,1566
611,Fraxure,165,212,123,4302540,2234,2526,2556
612,Haxorus,183,284,172,8939184,3593,4062,4110
613,Cubchoo,146,128,74,1382912,1069,1208,1223
614,Beartic,216,233,152,7649856,3042,3439,3480
615,Cryogonal,190,190,218,7869800,2798,3163,3201
616,Shelmet,137,72,140,1380960,834,942,954
617,Accelgor,190,220,120,5016000,2441,2760,2793
618,Stunfisk,240,144,171,5909760,2162,2445,2474
619,Mienfoo,128,160,98,2007040,1389,1570,1589
620,Mienshao,163,258,127,5340858,2710,3064,3101
621,Druddigon,184,213,170,6662640,2732,3088,3125
622,Golett,153,127,92,1787652,1189,1344,1360
623,Golurk,205,222,154,7008540,2854,3226,3265
624,Pawniard,128,154,114,2247168,1433,1620,1640
625,Bisharp,163,232,176,6655616,2844,3215,3254
626,Bouffalant,216,195,182,7665840,2797,3163,3200
627,Rufflet,172,150,97,2502600,1491,1686,1706
628,Braviary,225,232,152,7934400,3088,3491,3533
628,Braviary,242,213,137,7061802,2814,3181,3219
629,Vullaby,172,105,139,2510340,1271,1437,1455
630,Mandibuzz,242,129,205,6399690,2138,2417,2446
631,Heatmor,198,204,129,5210568,2395,2708,2740
632,Durant,151,217,188,6160196,2659,3007,3043
633,Deino,141,116,93,1521108,1062,1200,1214
634,Zweilous,176,159,135,3777840,1839,2079,2104
635,Hydreigon,211,256,188,10155008,3625,4098,4147
636,Larvesta,146,156,107,2437032,1496,1692,1712
637,Volcarona,198,264,189,9879408,3632,4106,4155
638,Cobalion,209,192,229,9189312,3022,3417,3457
639,Terrakion,209,260,192,10433280,3698,4181,4231
640,Virizion,209,192,229,9189312,3022,3417,3457
641,Tornadus,188,266,164,8201312,3345,3782,3827
641,Tornadus,188,238,189,8456616,3215,3635,3678
642,Thundurus,188,295,161,8929060,3659,4137,4186
642,Thundurus,188,266,164,8201312,3345,3782,3827
643,Reshiram,205,275,211,11895125,4038,4565,4620
644,Zekrom,205,275,211,11895125,4038,4565,4620
645,Landorus,205,289,179,10604855,3922,4434,4487
645,Landorus,205,261,182,9737910,3588,4057,4105
646,Kyurem,245,310,183,13898850,4605,5206,5268
646,Kyurem,245,246,170,10245900,3575,4041,4090
647,Keldeo,209,260,192,10433280,3698,4181,4231
648,Meloetta,225,269,188,11378700,3915,4426,4479
648,Meloetta,225,250,225,12656250,3972,4490,4544
649,Genesect,174,252,199,8725752,3353,3791,3836
650,Chespin,148,110,106,1725680,1096,1239,1254
651,Quilladin,156,146,156,3553056,1719,1943,1967
652,Chesnaught,204,201,204,8364816,2954,3340,3380
653,Fennekin,120,116,102,1419840,1028,1162,1176
654,Braixen,153,171,130,3401190,1813,2049,2074
655,Delphox,181,230,189,7868070,3059,3459,3500
656,Froakie,121,122,84,1240008,992,1122,1135
657,Frogadier,144,168,114,2757888,1636,1850,1872
658,Greninja,176,223,152,5965696,2654,3001,3037
659,Bunnelby,116,68,72,567936,553,625,633
660,Diggersby,198,112,155,3437280,1509,1706,1726
661,Fletchling,128,95,80,972800,800,905,916
662,Fletchinder,158,145,110,2520100,1469,1661,1681
663,Talonflame,186,176,155,5074080,2205,2493,2522
664,Scatterbug,116,63,63,460404,492,556,563
665,Spewpa,128,48,89,546816,479,542,548
666,Vivillon,190,176,103,3444320,1855,2097,2122
667,Litleo,158,139,112,2459744,1425,1611,1631
668,Pyroar,200,221,149,6585800,2767,3129,3166
669,Flabébé,127,108,120,1645920,1063,1202,1216
670,Floette,144,136,151,2957184,1532,1732,1752
671,Florges,186,212,244,9621408,3234,3657,3700
672,Skiddo,165,123,102,2070090,1250,1414,1430
673,Gogoat,265,196,146,7583240,2798,3163,3201
674,Pancham,167,145,107,2591005,1489,1683,1703
675,Pangoro,216,226,146,7127136,2902,3281,3320
676,Furfrou,181,164,167,4957228,2111,2387,2415
677,Espurr,158,120,114,2161440,1259,1424,1441
678,Meowstic,179,166,167,4962238,2124,2401,2430
679,Honedge,128,135,139,2401920,1390,1571,1590
680,Doublade,153,188,206,5925384,2443,2761,2794
681,Aegislash,155,291,97,4375185,2637,2981,3017
681,Aegislash,155,97,291,4375185,1595,1803,1825
682,Spritzee,186,110,113,2311980,1252,1415,1432
683,Aromatisse,226,173,150,5864700,2341,2647,2678
684,Swirlix,158,109,119,2049418,1179,1333,1349
685,Slurpuff,193,168,163,5285112,2199,2486,2516
686,Inkay,142,98,95,1322020,927,1048,1061
687,Malamar,200,177,165,5841000,2359,2667,2698
688,Binacle,123,96,120,1416960,946,1069,1082
689,Barbaracle,176,194,205,6999520,2675,3025,3061
690,Skrelp,137,109,109,1627697,1063,1202,1216
691,Dragalge,163,177,207,5972157,2383,2694,2727
692,Clauncher,137,108,117,1731132,1088,1230,1244
693,Clawitzer,174,221,171,6575634,2763,3124,3161
694,Helioptile,127,115,78,1139190,933,1054,1067
695,Heliolisk,158,219,168,5813136,2600,2939,2974
696,Tyrunt,151,158,123,2934534,1635,1848,1870
697,Tyrantrum,193,227,191,8367901,3128,3537,3579
698,Amaura,184,124,109,2486944,1363,1541,1560
699,Aurorus,265,186,163,8034270,2802,3168,3206
700,Sylveon,216,203,205,8988840,3069,3470,3511
701,Hawlucha,186,195,153,5549310,2410,2724,2757
702,Dedenne,167,164,134,3669992,1841,2081,2106
703,Carbink,137,95,285,3709275,1467,1658,1678
704,Goomy,128,101,112,1447936,976,1103,1116
705,Sliggoo,169,159,176,4729296,2037,2303,2330
706,Goodra,207,220,242,11020680,3505,3963,4010
707,Klefki,149,160,179,4267360,1949,2204,2230
708,Phantump,125,125,103,1609375,1123,1270,1285
709,Trevenant,198,201,154,6128892,2559,2893,2928
710,Pumpkaboo,127,122,124,1921256,1202,1359,1375
710,Pumpkaboo,135,121,123,2009205,1222,1381,1398
710,Pumpkaboo,144,120,122,2108160,1244,1406,1423
710,Pumpkaboo,153,118,120,2166480,1250,1414,1431
711,Gourgeist,198,182,200,7207200,2633,2976,3012
711,Gourgeist,181,179,206,6674194,2521,2850,2885
711,Gourgeist,163,175,213,6075825,2390,2702,2734
711,Gourgeist,146,171,219,5467554,2254,2549,2579
712,Bergmite,146,117,120,2049840,1215,1374,1390
713,Avalugg,216,214,238,11001312,3457,3909,3955
713,Avalugg,216,196,240,10160640,3198,3615,3659
714,Noibat,120,83,73,727080,667,754,763
715,Noivern,198,205,175,7103250,2764,3125,3162
716,Xerneas,246,250,185,11377500,3781,4275,4326
717,Yveltal,246,250,185,11377500,3781,4275,4326
718,Zygarde,144,205,173,5106960,2375,2685,2717
718,Zygarde,239,203,232,11255944,3410,3855,3901
718,Zygarde,389,184,207,14816232,3722,4208,4258
719,Diancie,137,342,235,11010690,4346,4913,4972
719,Diancie,137,190,285,7418550,2734,3091,3127
720,Hoopa,173,311,191,10276373,4006,4530,4584
720,Hoopa,173,261,187,8443611,3359,3797,3843
721,Volcanion,190,252,216,10342080,3628,4102,4151
722,Rowlet,169,102,99,1706562,1058,1196,1210
723,Dartrix,186,142,139,3671268,1725,1950,1973
724,Decidueye,204,213,174,7560648,2897,3275,3314
724,Decidueye,186,210,179,6991740,2775,3137,3174
725,Litten,128,128,79,1294336,1035,1170,1184
726,Torracat,163,174,103,2921286,1710,1934,1957
727,Incineroar,216,214,175,8089200,2996,3387,3427
728,Popplio,137,120,103,1693320,1129,1276,1291
729,Brionne,155,168,145,3775800,1885,2131,2156
730,Primarina,190,232,195,8595600,3200,3618,3661
731,Pikipek,111,136,59,890664,910,1029,1041
732,Trumbeak,146,159,100,2321400,1478,1671,1691
733,Toucannon,190,222,146,6158280,2689,3040,3076
734,Yungoos,134,122,56,915488,880,994,1006
735,Gumshoos,204,194,113,4472088,2185,2470,2500
736,Grubbin,132,115,85,1290300,984,1112,1126
737,Charjabug,149,145,161,3478405,1697,1919,1942
738,Vikavolt,184,254,158,7384288,3117,3524,3566
739,Crabrawler,132,150,104,2059200,1363,1540,1559
740,Crabominable,219,231,138,6981282,2907,3286,3325
741,Oricorio,181,196,145,5144020,2333,2638,2669
742,Cutiefly,120,110,81,1069200,888,1004,1016
743,Ribombee,155,198,146,4480740,2200,2488,2517
744,Rockruff,128,117,78,1168128,950,1074,1087
745,Lycanroc,181,234,139,5887206,2701,3054,3091
745,Lycanroc,181,231,140,5853540,2678,3027,3063
745,Lycanroc,198,218,152,6560928,2744,3102,3139
746,Wishiwashi,128,255,242,7898880,3232,3654,3698
746,Wishiwashi,128,46,43,253184,346,392,396
747,Mareanie,137,98,110,1476860,972,1099,1112
748,Toxapex,137,114,273,4263714,1685,1905,1928
749,Mudbray,172,175,121,3642100,1892,2139,2165
750,Mudsdale,225,215,174,8417250,3059,3458,3500
751,Dewpider,116,72,117,977184,714,807,817
752,Araquanid,169,126,219,4663386,1827,2065,2090
753,Fomantis,120,100,64,768000,741,838,848
754,Lurantis,172,192,169,5581056,2398,2711,2743
755,Morelull,120,108,119,1542240,1033,1168,1182
756,Shiinotic,155,154,168,4010160,1861,2104,2129
757,Salandit,134,136,80,1457920,1122,1268,1283
758,Salazzle,169,228,130,5009160,2479,2802,2836
759,Stufful,172,136,95,2222240,1352,1529,1547
760,Bewear,260,226,141,8285160,3117,3524,3566
761,Bounsweet,123,55,69,466785,470,532,538
762,Steenee,141,78,94,1033812,757,856,866
763,Tsareena,176,222,195,7619040,2964,3351,3391
764,Comfey,139,165,215,4931025,2115,2392,2420
765,Oranguru,207,168,192,6676992,2450,2770,2803
766,Passimian,225,222,160,7992000,3033,3429,3470
767,Wimpod,93,67,74,461094,502,567,574
768,Golisopod,181,218,226,8917508,3162,3575,3618
769,Sandygast,146,120,118,2067360,1233,1394,1411
770,Palossand,198,178,178,6273432,2444,2763,2796
771,Pyukumuku,146,97,224,3172288,1372,1551,1569
775,Komala,163,216,165,5809320,2582,2919,2954
776,Turtonator,155,165,215,5498625,2223,2513,2543
777,Togedemaru,163,190,145,4490650,2160,2442,2471
779,Bruxish,169,208,145,5097040,2389,2701,2733
780,Drampa,186,231,164,7046424,2914,3294,3334
782,Jangmo-o,128,102,108,1410048,969,1095,1108
783,Hakamo-o,146,145,162,3429540,1686,1907,1929
784,Kommo-o,181,222,240,9643680,3309,3741,3785
785,Tapu Koko,172,250,181,7783000,3168,3582,3625
786,Tapu Lele,172,259,208,9265984,3494,3950,3998
787,Tapu Bulu,172,249,215,9208020,3419,3865,3912
788,Tapu Fini,172,189,254,8257032,2857,3230,3269
789,Cosmog,125,54,57,384750,432,489,494
790,Cosmoem,125,54,242,1633500,817,924,935
791,Solgaleo,264,255,191,12858120,4042,4570,4625
792,Lunala,264,255,191,12858120,4042,4570,4625
793,Nihilego,240,249,210,12549600,3949,4465,4518
794,Buzzwole,216,236,196,9991296,3461,3912,3959
795,Pheromosa,174,316,85,4673640,2842,3213,3251
796,Xurkitree,195,330,144,9266400,3937,4451,4504
797,Celesteela,219,207,199,9021267,3102,3507,3549
798,Kartana,139,323,182,8171254,3677,4156,4206
799,Guzzlord,440,188,99,8189280,2887,3264,3303
800,Necrozma,200,277,220,12188000,4099,4634,4689
800,Necrozma,219,251,195,10718955,3682,4163,4213
802,Marshadow,207,265,190,10422450,3730,4217,4268
803,Poipole,167,145,133,3220595,1640,1854,1876
804,Naganadel,177,263,159,7401609,3173,3587,3630
805,Stakataka,156,213,298,9901944,3294,3724,3769
806,Blacephalon,142,315,148,6620040,3297,3727,3772
808,Meltan,130,118,99,1518660,1068,1207,1221
809,Melmetal,264,226,190,11336160,3599,4069,4118
819,Skwovet,172,95,86,1405240,944,1067,1080
820,Greedent,260,160,156,6489600,2370,2679,2711
831,Wooloo,123,76,97,906756,706,798,808
832,Dubwool,176,159,198,5540832,2191,2478,2507
862,Obstagoon,212,180,194,7403040,2652,2999,3034
863,Perrserker,172,195,162,5433480,2386,2697,2729
865,Sirfetch'd,158,248,176,6896384,2985,3375,3415
866,Mr. Rime,190,212,179,7210120,2827,3196,3234
867,Runerigus,151,163,237,5833281,2273,2570,2601
870,Falinks,163,193,170,5348030,2357,2665,2696
888,Zacian,192,254,236,11509248,3829,4329,4381
889,Zamazenta,192,254,236,11509248,3829,4329,4381
893,Zarude,233,242,215,12122990,3833,4334,4385
894,Regieleki,190,250,125,5937500,2803,3169,3207
895,Regidrago,400,202,101,8160800,2973,3361,3402
899,Wyrdeer,230,206,145,6870100,2732,3089,3126
900,Kleavor,172,253,174,7571784,3146,3557,3600
901,Ursaluna,277,243,181,12183291,3854,4358,4410
903,Sneasler,190,259,158,7775180,3222,3643,3686
904,Overqwil,198,222,171,7516476,2946,3330,3370
905,Enamorus,179,281,162,8148438,3425,3873,3919
905,Enamorus,179,250,201,8994750,3388,3830,3876
906,Sprigatito,120,116,99,1378080,1015,1147,1161
907,Floragato,156,157,128,3134976,1679,1899,1921
908,Meowscarada,183,233,153,6523767,2825,3193,3231
909,Fuecoco,167,112,96,1795584,1127,1274,1289
910,Crocalor,191,162,134,4146228,1936,2189,2215
911,Skeledirge,232,207,178,8548272,3027,3422,3463
912,Quaxly,146,120,86,1506720,1075,1215,1230
913,Quaxwell,172,162,123,3427272,1775,2007,2031
914,Quaquaval,198,236,159,7429752,3018,3411,3452
915,Lechonk,144,81,79,921456,733,828,838
916,Oinkologne,242,186,153,6886836,2608,2949,2984
916,Oinkologne,251,169,162,6871878,2493,2819,2852
919,Nymble,107,81,65,563355,592,669,677
920,Lokix,174,199,144,4986144,2317,2619,2650
921,Pawmi,128,95,45,547200,636,719,728
922,Pawmo,155,147,82,1868370,1299,1468,1486
923,Pawmot,172,232,141,5626464,2634,2978,3014
928,Smoliv,121,100,89,1076900,854,965,977
929,Dolliv,141,137,131,2530527,1432,1619,1639
930,Arboliva,186,219,189,7698726,2959,3345,3385
935,Charcadet,120,92,74,816960,732,828,838
936,Armarouge,198,234,185,8571420,3209,3628,3672
937,Ceruledge,181,239,189,8175951,3172,3586,3629
938,Tadbulb,156,104,73,1184352,911,1030,1043
939,Bellibolt,240,184,165,7286400,2662,3010,3046
960,Wiglett,67,109,52,379756,574,648,656
961,Wugtrio,111,205,136,3094680,1895,2142,2168
962,Bombirdier,172,198,172,5857632,2487,2812,2846
965,Varoom,128,123,107,1684608,1138,1287,1302
966,Revavroom,190,229,168,7309680,2951,3337,3376
971,Greavard,137,105,106,1524810,1016,1149,1162
972,Houndstone,176,186,195,6383520,2514,2842,2876
974,Cetoddle,239,119,80,2275280,1300,1469,1487
975,Cetitan,347,208,123,8877648,3113,3519,3561
979,Annihilape,242,220,178,9476720,3268,3695,3739
980,Clodsire,277,127,151,5312029,1952,2207,2233
996,Frigibax,163,134,86,1878412,1247,1410,1427
997,Arctibax,207,173,128,4583808,2092,2365,2393
998,Baxcalibur,229,254,168,9771888,3550,4013,4061
999,Gimmighoul,128,140,76,1361920,1104,1248,1263
1000,Gholdengo,202,252,190,9671760,3517,3976,4023
